{
    "0001": {"ENG":"bicycle", "KOR":"자전거", "EX":"자동차,지게차,굴삭기,드론,비행기"},
    "0002": {"ENG":"pretty", "KOR":"예쁜, 꽤, 매우", "EX":"못생긴,뻔뻔한,강한,오래된,정확한"},
    "0003": {"ENG":"police officer", "KOR":"경찰관", "EX":"소방관,의사,간호사,공무원,변호사"},
    "0004": {"ENG":"excited", "KOR":"신이난, 들뜬", "EX":"재미없는,지친,새로운,배부른,자유로운"},
    "0005": {"ENG":"wonderful", "KOR":"아주 멋진, 훌륭한", "EX":"오래된,관심없는,늦은,가까운,멀리있는"},
    "0006": {"ENG":"tired", "KOR":"피곤한, 지친", "EX":"새로운,활기찬,예쁜,신이난,재미있는"},
    "0007": {"ENG":"parents", "KOR":"부모", "EX":"숙모,삼촌,선생님,오빠,누나"},
    "0008": {"ENG":"angry", "KOR":"화난", "EX":"신이난,재미있는,지친,즐거운,피곤한"},
    "0009": {"ENG":"visitor", "KOR":"방문객", "EX":"주인,점원,경비원,경찰관,소방관"},
    "0010": {"ENG":"warm", "KOR":"따뜻한", "EX":"새로운,훌륭한,신이난,예쁜,자유로운"},
    "0011": {"ENG":"busy", "KOR":"바쁜", "EX":"한가한,새로운,들뜬,멋진,가까운"},
    "0012": {"ENG":"friendly", "KOR":"다정한", "EX":"지친,재미있는,신이난,새로운,한가한"},
    "0013": {"ENG":"be afraid of", "KOR":"두려워하다", "EX":"고마워하다,미안해하다,성급하다,뻘쭘해하다,지치다"},
    "0014": {"ENG":"late", "KOR":"늦은", "EX":"새로운,한가한,바쁜,훌륭한,예쁜"},
    "0015": {"ENG":"rain", "KOR":"비가 오다", "EX":"눈이오다,우박이내리다,서리가내리다,차가워지다,바람이불다"},
    "0016": {"ENG":"drink", "KOR":"마시다", "EX":"먹다,버리다,배부르다,남기다,오르다"},
    "0017": {"ENG":"newspaper", "KOR":"신문", "EX":"방송,가사,날씨,사회,책"},
    "0018": {"ENG":"happen", "KOR":"(일,사건)일어나다", "EX":"올라가다,버려지다,사과하다,만나다,기다리다"},
    "0019": {"ENG":"work", "KOR":"일하다", "EX":"즐기다,바쁘다,고마워하다,이용하다,어울리다"},
    "0020": {"ENG":"player", "KOR":"선수", "EX":"학생,교수님,사회자,앵커,공무원"},
    "0021": {"ENG":"go to the cinema", "KOR":"영화보러가다", "EX":"낚시가다,등산가다,캠핑가다,소풍가다,샤워하다"},
    "0022": {"ENG":"have breakfast", "KOR":"아침식사를하다", "EX":"깨뜨리다,버리다,던지다,갖게되다,과장하다"},
    "0023": {"ENG":"hungry", "KOR":"배고픈", "EX":"이른,신이난,지친,새로운,한가한"},
    "0024": {"ENG":"near", "KOR":"가까이", "EX":"새로운,한가한,들뜬,예쁜,훌륭한"},
    "0025": {"ENG":"photograph", "KOR":"사진", "EX":"종이,원반,소리,시계,감자"},
    "0026": {"ENG":"hospital", "KOR":"병원", "EX":"학교,경찰서,소방서,우체국,교회"},
    "0027": {"ENG":"interesting", "KOR":"흥미있는, 재미있는", "EX":"훌륭한,강한,새로운,감각적인,다정한"},
    "0028": {"ENG":"use the internet", "KOR":"인터넷을 이용하다", "EX":"라면을 끓이다,감자를 볶다,팝콘을 튀기다,시험을 보다,책을 읽다"},
    "0029": {"ENG":"married", "KOR":"결혼한", "EX":"섣부른,새로운,결석한,한가한,화난"},
    "0030": {"ENG":"speak", "KOR":"말하다", "EX":"놀리다,감사하다,마시다,오르다,흔들다"},
    "0031": {"ENG":"enjoy", "KOR":"즐기다", "EX":"기다리다,고마워하다,만나다,좋아하다,이용하다"},
    "0032": {"ENG":"draw", "KOR":"그리다", "EX":"가리키다,가르치다,훔쳐보다,듣다,읽다"},
    "0033": {"ENG":"free", "KOR":"한가한, 자유로운", "EX":"바쁜,새로운,예쁜,훌륭한,넘치는"},
    "0034": {"ENG":"movie", "KOR":"영화", "EX":"노래,방송,예술,공작,미래"},
    "0035": {"ENG":"go jogging", "KOR":"조깅하러 가다", "EX":"놀리다,마법을 부리다,들이키다,가르치다,흥분하다"},
    "0036": {"ENG":"absent", "KOR":"결석한", "EX":"놀라운,훌륭한,엄청난,가까운,다정한"},
    "0037": {"ENG":"vacation", "KOR":"휴가, 방학", "EX":"시험,축제,실습,결혼,영화"},
    "0038": {"ENG":"great", "KOR":"훌륭한", "EX":"새로운,바쁜,한가한,화가난,신이난"},
    "0039": {"ENG":"buy", "KOR":"사다", "EX":"먹다,마시다,삼키다,놀다,나가다"},
    "0040": {"ENG":"grade", "KOR":"성적", "EX":"시험,목표,기대,칼날,유리"},
    "0041": {"ENG":"writer", "KOR":"작가", "EX":"가수,배우,예술가,선생님,학생"},
    "0042": {"ENG":"corner", "KOR":"모퉁이", "EX":"사각형,교차로,건너편,전봇대,정류장"},
    "0043": {"ENG":"clean", "KOR":"청소하다", "EX":"들어오다,기다리다,만나다,마시다,먹다"},
    "0044": {"ENG":"prepared", "KOR":"준비가 되어 있는", "EX":"오래된,한가한,바쁜,훌륭한,아름다운"},
    "0045": {"ENG":"study", "KOR":"공부하다", "EX":"운동하다,기억하다,작성하다,약속하다,시도하다"},
    "0046": {"ENG":"swim", "KOR":"수영하다", "EX":"마시다,던지다,보내다,날리다,달리다"},
    "0047": {"ENG":"gym", "KOR":"체육관", "EX":"교회,학교,시장,극장,공원"},
    "0048": {"ENG":"fast", "KOR":"빠른, 빨리", "EX":"새로운,바쁜,한가한,지친,화가난"},
    "0049": {"ENG":"sleep", "KOR":"잠자다", "EX":"놀다,공부하다,넘어지다,기다리다,흥분하다"},
    "0050": {"ENG":"quiet", "KOR":"조용한", "EX":"싱싱한,화가난,들뜬,한가한,무거운"},
    "0051": {"ENG":"classroom", "KOR":"교실", "EX":"교회,극장,회사,거실,화원"},
    "0052": {"ENG":"make a noise", "KOR":"시끄럽게 하다", "EX":"시원하다,무너뜨리다,밟다,던지다,오르다"},
    "0053": {"ENG":"wear", "KOR":"(옷을)입다", "EX":"던지다,마시다,받다,보내다,울다"},
    "0054": {"ENG":"helmet", "KOR":"헬멧, 안전모", "EX":"새총,전봇대,안경,두건,바지"},
    "0055": {"ENG":"enter", "KOR":"들어가다", "EX":"기다리다,만나다,마시다,소리지르다,약속하다"},
    "0056": {"ENG":"worry", "KOR":"걱정하다", "EX":"놀라다,당황하다,조심스럽다,위로하다,기억하다"},
    "0057": {"ENG":"careful", "KOR":"조심스러운", "EX":"새로운,바쁜,훌륭한,예쁜,가벼운"},
    "0058": {"ENG":"upset", "KOR":"속상한, 마음이 상한", "EX":"오래된,들뜬,무거운,가벼운,신나는"},
    "0059": {"ENG":"ready", "KOR":"준비가 된", "EX":"바쁜,한가한,어려운,쉬운,예쁜"},
    "0060": {"ENG":"turn on", "KOR":"켜다", "EX":"바꾸다,돌다,드러눕다,춤추다,회전하다"},
    "0061": {"ENG":"introduce", "KOR":"소개하다", "EX":"약속하다,기다리다,들어오다,입력하다,기억하다"},
    "0062": {"ENG":"keep in touch", "KOR":"연락하고지내다", "EX":"약속하다,기다리다,오해하다,지키다,머무르다"},
    "0063": {"ENG":"take a break", "KOR":"휴식하다", "EX":"깨뜨리다,점프하다,일어나다,시도하다,흥분하다"},
    "0064": {"ENG":"hurry", "KOR":"서두르다", "EX":"일어나다,넘어지다,울다,위로하다,마시다"},
    "0065": {"ENG":"from now on", "KOR":"지금부터", "EX":"~없이,~처럼,늘하던대로,평평하게,곧게"},
    "0066": {"ENG":"ride", "KOR":"(탈것)타다)", "EX":"놀라다,던지다,버리다,밟다,차다"},
    "0067": {"ENG":"go climbing", "KOR":"등산가다", "EX":"낚시가다,소풍가다,캠핑카다,영화보러가다,쇼핑하러가다"},
    "0068": {"ENG":"daughter", "KOR":"딸", "EX":"더러운,흥분,새로움,나머지,웃음"},
    "0069": {"ENG":"really", "KOR":"정말로, 실제로", "EX":"항상,똑바로,확실히,일찍,빠른"},
    "0070": {"ENG":"amazing", "KOR":"놀라운", "EX":"고마운,새로운,즐거운,무서운,가벼운"},
    "0071": {"ENG":"huge", "KOR":"거대", "EX":"조그만,새로운,바쁜,강한,한가한"},
    "0072": {"ENG":"waterfall", "KOR":"폭포", "EX":"수도,우물,옹달샘,숲속,연못"},
    "0073": {"ENG":"handsome", "KOR":"잘생긴", "EX":"신나는,즐거운,흥분된,가벼운,어려운"},
    "0074": {"ENG":"move", "KOR":"움직이다", "EX":"머무르다,들어가다,밀다,놓다,가져오다"},
    "0075": {"ENG":"liar", "KOR":"거짓말쟁이", "EX":"사자,라인,입술,립스틱,소년"},
    "0076": {"ENG":"mountain", "KOR":"산", "EX":"숲,구름,하늘,바다,땅"},
    "0077": {"ENG":"museum", "KOR":"박물관", "EX":"미술관,체육관,영화관,공장,사무실"},
    "0078": {"ENG":"dictionary", "KOR":"사전", "EX":"가격,흥정,단어,숙제,시험"},
    "0079": {"ENG":"delicious", "KOR":"맛있는", "EX":"새로운,흥분된,바쁜,화가난,매운"},
    "0080": {"ENG":"paint", "KOR":"페인트를 칠하다", "EX":"달리다,걷다,멈추다,노래하다,던지다"},
    "0081": {"ENG":"boring", "KOR":"지루한", "EX":"재미있는,훌륭한,흥분된,화가난,예쁜"},
    "0082": {"ENG":"favorite", "KOR":"매우 좋아하는", "EX":"새로운,바쁜,화가난,싱싱한,가벼운"},
    "0083": {"ENG":"subject", "KOR":"과목", "EX":"노래,가사,연기,숙제,종이"},
    "0084": {"ENG":"believe", "KOR":"믿다", "EX":"밀다,당기다,던지다,놓다,묻다"},
    "0085": {"ENG":"keep a diary", "KOR":"일기를 쓰다", "EX":"비밀을 지키다,달력을 보다,날짜를 쓰다,독후감을 쓰다,춤을 추다"},
    "0086": {"ENG":"healthy", "KOR":"건강한", "EX":"새로운,가벼운,흥분된,화가난,재미있는"},
    "0087": {"ENG":"make a mistake", "KOR":"실수하다", "EX":"노력하다,다가서다,기다리다,멈추다,기억하다"},
    "0088": {"ENG":"plant", "KOR":"심다", "EX":"넣다,놓다,밀다,낳다,얻다"},
    "0089": {"ENG":"honest", "KOR":"정직한, 솔직한", "EX":"가벼운,새로운,싱싱한,맛있는,신성스러운"},
    "0090": {"ENG":"exciting", "KOR":"신나는, 흥미진진한", "EX":"예쁜,훌륭한,지친,새로운,가벼운"},
    "0091": {"ENG":"become", "KOR":"~이 되다", "EX":"놀다,만나다,머물다,노래하다,던지다"},
    "0092": {"ENG":"cook", "KOR":"요리사", "EX":"작가,판사,검사,변호사,증인"},
    "0093": {"ENG":"wash the dishes", "KOR":"설거지하다", "EX":"손씻다,세수하다,머리를감다,빨래하다,청소하다"},
    "0094": {"ENG":"shine", "KOR":"빛나다", "EX":"새로운,가벼운,신이난,흥분된,화가난"},
    "0095": {"ENG":"article", "KOR":"기사", "EX":"숙제,연습,복습,노래,교훈"},
    "0096": {"ENG":"engineer", "KOR":"기술자", "EX":"작가,목사,신부,아나운서,해설가"},
    "0097": {"ENG":"sweet", "KOR":"달콤한, 감미로운", "EX":"뜨거운,새로운,강한,무서운,흥분된"},
    "0098": {"ENG":"strange", "KOR":"이상한", "EX":"새로운,무거운,화가난,예쁜,재미있는"},
    "0099": {"ENG":"terrible", "KOR":"끔찍한", "EX":"무거운,낯선,피곤한,오래된,어려운"},
    "0100": {"ENG":"sour", "KOR":"신, 시큼한", "EX":"달콤한,건강한,새로운,즐거운,피곤한"},
    "0101": {"ENG":"ask", "KOR":"묻다", "EX":"놀다,넣다,밀다,받다,감다"},
    "0102": {"ENG":"question", "KOR":"질문", "EX":"대답,단계,목적,행동,비밀"},
    "0103": {"ENG":"secret", "KOR":"비밀", "EX":"목적,검사,질문,건강,예술"},
    "0104": {"ENG":"favor", "KOR":"호의", "EX":"기쁨,맛,건강,비밀,과일"},
    "0105": {"ENG":"cousin", "KOR":"사촌", "EX":"양말,원인,목적,행위,어른"},
    "0106": {"ENG":"math", "KOR":"수학", "EX":"중량,매트,노트,패드,근육"},
    "0107": {"ENG":"storybook", "KOR":"동화책", "EX":"신문,잡지,시집,그림,방송"},
    "0108": {"ENG":"information", "KOR":"정보", "EX":"노력,열정,이름,결과,환희"},
    "0109": {"ENG":"senior citizen", "KOR":"노인, 고령자", "EX":"젊은이,청소년,어린이,국민,여성"},
    "0110": {"ENG":"fairy tale", "KOR":"동화, 옛날 이야기", "EX":"시집,잡지,논문,꼬리,뉴스"},
    "0111": {"ENG":"report card", "KOR":"성적표", "EX":"스케줄,이력서,신고서,상장,시간표"},
    "0112": {"ENG":"sand castle", "KOR":"모래성", "EX":"호텔,공원,박물관,호숫가,워터파크"},
    "0113": {"ENG":"television", "KOR":"텔레비전", "EX":"망원경,무전기,돋보기,라디오,현미경"},
    "0114": {"ENG":"farmer", "KOR":"농부", "EX":"간호사,경비원,작가,건축가,공무원"},
    "0115": {"ENG":"umbrella", "KOR":"우산", "EX":"돋보기,장갑,안경,신발,가구"},
    "0116": {"ENG":"swimmer", "KOR":"수영선수", "EX":"농구선수,육상선수,골프선수,테니스선수,당구선수"},
    "0117": {"ENG":"classmate", "KOR":"동급생, 반친구", "EX":"선생님,교장선생님,학원,급식,부모님"},
    "0118": {"ENG":"computer", "KOR":"컴퓨터", "EX":"타자기,핸드폰,텔레비전,세탁기,냉장고"},
    "0119": {"ENG":"history", "KOR":"역사", "EX":"히스테리,노여움,세계,음식,관심"},
    "0120": {"ENG":"practice", "KOR":"연습하다", "EX":"노력하다,어울리다,기다리다,마주치다,청소하다"},
    "0121": {"ENG":"hometown", "KOR":"고향", "EX":"집,마을,근처,운동장,예식장"},
    "0122": {"ENG":"far", "KOR":"먼", "EX":"새로운,싱싱한,가벼운,예쁜,화가난"},
    "0123": {"ENG":"present", "KOR":"선물", "EX":"기쁨,노력,열정,제품,압축"},
    "0124": {"ENG":"beautiful", "KOR":"아름다운", "EX":"새로운,가벼운,화가난,싱싱한,지친"},
    "0125": {"ENG":"evening", "KOR":"저녁", "EX":"아침,점심,밤,자정,정오"},
    "0126": {"ENG":"watch", "KOR":"보다, 지켜보다", "EX":"먹다,마시다,듣다,읽다,놀다"},
    "0127": {"ENG":"lady", "KOR":"숙녀", "EX":"학생,노인,준비,선생님,작가"},
    "0128": {"ENG":"bring", "KOR":"가져오다", "EX":"밀다,넣다,보내다,밟다,막다"},
    "0129": {"ENG":"yesterday", "KOR":"어제", "EX":"오늘,내일,모레,글피,공휴일"},
    "0130": {"ENG":"event", "KOR":"행사, 사건", "EX":"날씨,뉴스,행복,바쁜,저녁"},
    "0131": {"ENG":"bookstore", "KOR":"서점", "EX":"도서관,교실,교회,백화점,마트"},
    "0132": {"ENG":"badminton", "KOR":"배드민턴", "EX":"테니스,당구,탁구,볼링,골프"},
    "0133": {"ENG":"often", "KOR":"종종, 자주", "EX":"지금,언제나,거의,매우,항상"},
    "0134": {"ENG":"office worker", "KOR":"회사원", "EX":"농부,작가,경비원,선생님,목사"},
    "0135": {"ENG":"lazy", "KOR":"게으른", "EX":"늦은,오래된,피곤한,바쁜,화가난"},
    "0136": {"ENG":"sweater", "KOR":"스웨터", "EX":"양말,목도리,장갑,바지,셔츠"},
    "0137": {"ENG":"vegetable", "KOR":"채소", "EX":"과일,열매,씨앗,생선,고기"},
    "0138": {"ENG":"guitar", "KOR":"기타", "EX":"취미,구름,연습,부하,종이"},
    "0139": {"ENG":"cloudy", "KOR":"흐린", "EX":"재미없는,흥분된,아픈,어려운,강한"},
    "0140": {"ENG":"scarf", "KOR":"스카프, 목도리", "EX":"양말,장갑,스웨터,바지,벨트"},
    "0141": {"ENG":"soup", "KOR":"수프", "EX":"물,밥,음료,반찬,고기"},
    "0142": {"ENG":"nonsense", "KOR":"허튼소리", "EX":"주의하다,센스있다,알아내다,모르다,뒤처지다"},
    "0143": {"ENG":"get", "KOR":"얻다", "EX":"먹다,보다,놓다,잃다,심다"},
    "0144": {"ENG":"know", "KOR":"알다", "EX":"보다,읽다,듣다,앉다,싫다"},
    "0145": {"ENG":"walk", "KOR":"걷다", "EX":"뛰다,먹다,보다,심다,놓다"},
    "0146": {"ENG":"pass", "KOR":"지나가다", "EX":"멈추다,내려가다,놓다,읽다,파다"},
    "0147": {"ENG":"mix", "KOR":"섞다", "EX":"보다,놓다,낳다,읽다,넣다"},
    "0148": {"ENG":"finish", "KOR":"끝내다", "EX":"준비하다,출발하다,나아가다,돌아오다,도전하다"},
    "0149": {"ENG":"stand", "KOR":"서다", "EX":"앉다,놓다,넣다,넘다,차다"},
    "0150": {"ENG":"reach", "KOR":"도착하다", "EX":"떠나다,도전하다,그만두다,짧아지다,길어지다"},
    "0151": {"ENG":"impress", "KOR":"감명을 주다", "EX":"주의하다,멈추다,읽다,듣다,즐기다"},
    "0152": {"ENG":"sing", "KOR":"노래하다", "EX":"먹다,보다,마시다,읽다,듣다"},
    "0153": {"ENG":"wish", "KOR":"바라다", "EX":"놀다,즐기다,출발하다,멈추다,앉다"},
    "0154": {"ENG":"push", "KOR":"밀다", "EX":"먹다,읽다,놀다,심다,파다"},
    "0155": {"ENG":"spend", "KOR":"쓰다, 소비하다", "EX":"보다,밀다,바라다,돌리다,멈추다"},
    "0156": {"ENG":"send", "KOR":"보내다", "EX":"배우다,놓치다,바라다,구하다,날리다"},
    "0157": {"ENG":"miss", "KOR":"놓치다, 그리워하다", "EX":"배우다,바라다,구하다,멈추다,떠나다"},
    "0158": {"ENG":"wake", "KOR":"잠이 깨다 ", "EX":"잠자다,놀라다,멈추다,바라다,흔들다"},
    "0159": {"ENG":"teach", "KOR":"가르치다", "EX":"바라보다,떨어지다,그만두다,앞장서다,도전하다"},
    "0160": {"ENG":"solve", "KOR":"풀다, 해결하다", "EX":"준비하다,도전하다,바라보다,멈추다,들어가다"},
    "0161": {"ENG":"catch", "KOR":"붙잡다", "EX":"놓다,넣다,밀다,읽다,심다"},
    "0162": {"ENG":"sound", "KOR":"소리가 나다", "EX":"놀리다,배우다,멈추다,겁주다,때리다"},
    "0163": {"ENG":"throw", "KOR":"던지다", "EX":"놓치다,바라다,구하다,받다,넣다"},
    "0164": {"ENG":"burn", "KOR":"불타다", "EX":"먹다,놀다,읽다,심다,묻다"},
    "0165": {"ENG":"cross", "KOR":"교차하다, 건너가다", "EX":"시작하다,그만두다,일어나다,놀라다,나가다"},
    "0166": {"ENG":"copy", "KOR":"복사하다", "EX":"들어가다,도전하다,앞장서다,준비하다,시작하다"},
    "0167": {"ENG":"grandmother", "KOR":"할머니", "EX":"숙모,엄마,여왕,큰집,백화점"},
    "0168": {"ENG":"try", "KOR":"노력하다, 시도하다", "EX":"들어가다,시작하다,돌아오다,일어나다,옷을입다"},
    "0169": {"ENG":"pay", "KOR":"지불하다", "EX":"떠들다,그만두다,때리다,공부하다,도전하다"},
    "0170": {"ENG":"say", "KOR":"말하다", "EX":"떠나다,바라다,들리다,마시다,놀라다"},
    "0171": {"ENG":"help", "KOR":"돕다, 거들다", "EX":"버리다,바라다,마시다,놀리다,줄을서다"},
    "0172": {"ENG":"lay", "KOR":"놓다, 두다", "EX":"먹다,마시다,묻다,심다,파다"},
    "0173": {"ENG":"sell", "KOR":"팔다", "EX":"먹다,파다,심다,묻다,놀다"},
    "0174": {"ENG":"kick", "KOR":"발로 차다", "EX":"던지다,받다,주다,밀다,앉다"},
    "0175": {"ENG":"put", "KOR":"놓다, 두다", "EX":"묻다,심다,파다,놀다,받다"},
    "0176": {"ENG":"touch", "KOR":"만지다, 접촉하다", "EX":"바라다,떠나다,던지다,놀리다,마시다"},
    "0177": {"ENG":"lose", "KOR":"잃다", "EX":"밀다,놓다,넣다,앉다,읽다"},
    "0178": {"ENG":"tell", "KOR":"말하다", "EX":"떠나다,바라다,마시다,버리다,속이다"},
    "0179": {"ENG":"carry", "KOR":"나르다, 운반하다", "EX":"떠나다,바라다,마시다,버리다,속이다"},
    "0180": {"ENG":"repeat", "KOR":"반복하다", "EX":"들어서다,기다리다,만나다,도착하다,완성하다"},
    "0181": {"ENG":"grow", "KOR":"성장하다, 기르다", "EX":"도전하다,사라지다,그만두다,공부하다,즐기다"},
    "0182": {"ENG":"cost", "KOR":"비용이 들다", "EX":"놓치다,버리다,떠나다,아깝다,즐기다"},
    "0183": {"ENG":"judge", "KOR":"판단하다", "EX":"돌아오다,출발하다,그만두다,나가다,바라다"},
    "0184": {"ENG":"cheer", "KOR":"갈채하다, 응원하다", "EX":"버리다,멈추다,청소하다,돌봐주다,완성하다"},
    "0185": {"ENG":"use", "KOR":"사용하다", "EX":"읽다,보다,넣다,놓다,놀다"},
    "0186": {"ENG":"think", "KOR":"생각하다", "EX":"도전하다,노력하다,돌봐주다,그만두다,사라지다"},
    "0187": {"ENG":"mean", "KOR":"의미하다", "EX":"도전하다,놀래키다,서두르다,도착하다,응답하다"},
    "0188": {"ENG":"break", "KOR":"깨뜨리다", "EX":"발생하다,놀래키다,도전하다,돌아오다,일하다"},
    "0189": {"ENG":"show", "KOR":"보여주다", "EX":"도전하다,공부하다,나아가다,휴식하다,만나다"},
    "0190": {"ENG":"fly", "KOR":"날다", "EX":"먹다,보다,심다,읽다,듣다"},
    "0191": {"ENG":"turn", "KOR":"돌다", "EX":"넣다,보다,밀다,물다,놓다"},
    "0192": {"ENG":"harm", "KOR":"해치다", "EX":"바라다,떠나다,놀리다,졸다,만지다"},
    "0193": {"ENG":"win", "KOR":"이기다", "EX":"퍼지다,날다,보다,버리다,오르다"},
    "0194": {"ENG":"fall", "KOR":"떨어지다", "EX":"도전하다,사라지다,그만두다,공부하다"},
    "0195": {"ENG":"build", "KOR":"(건물 등을) 짓다", "EX":"도전하다,돌아오다,노력하다,돌봐주다,그만두다"},
    "0196": {"ENG":"stay", "KOR":"머무르다", "EX":"떠나다,버리다,그만두다,돌봐주다,들어가다"},
    "0197": {"ENG":"set", "KOR":"놓다, 설정하다", "EX":"넣다,밀다,읽다,앉다,심다"},
    "0198": {"ENG":"see", "KOR":"보다, 이해하다", "EX":"읽다,놀다,놓다,짓다,막다"},
    "0199": {"ENG":"envy", "KOR":"부러워하다", "EX":"도전하다,노력하다,놀래키다,어울리다,약속하다"},
    "0200": {"ENG":"dream", "KOR":"꿈꾸다", "EX":"떠나다,바라다,오르다,퍼지다,날다"},
    "0201": {"ENG":"live", "KOR":"살다", "EX":"먹다,보다,읽다,앉다,놀다"},
    "0202": {"ENG":"leave", "KOR":"떠나다", "EX":"버리다,남기다,멈추다,돌리다,살다"},
    "0203": {"ENG":"understand", "KOR":"이해하다", "EX":"앉다,눕다,서다,그만두다,돌아서다"},
    "0204": {"ENG":"keep", "KOR":"계속하다, 유지하다", "EX":"그만두다,떠나다,출발하다,돌아오다,사라지다"},
    "0205": {"ENG":"give", "KOR":"주다", "EX":"먹다,넣다,놓다,받다,넘다"},
    "0206": {"ENG":"laugh", "KOR":"웃다", "EX":"울다,놀다,쉬다,먹다,보다"},
    "0207": {"ENG":"hear", "KOR":"듣다", "EX":"웃다,울다,쉬다,읽다,놀다"},
    "0208": {"ENG":"stop", "KOR":"멈추다", "EX":"유지하다,놓다,이해하다,판단하다,만나다"},
    "0209": {"ENG":"forget", "KOR":"잊다", "EX":"읽다,익다,앉다,보다,놀다"},
    "0210": {"ENG":"lend", "KOR":"빌려주다", "EX":"즐기다,바라다,떠나다,돌리다,놀라다"},
    "0211": {"ENG":"hug", "KOR":"껴안다", "EX":"바라다,만나다,놀라다,멈추다,아끼다"},
    "0212": {"ENG":"arrive", "KOR":"도착하다", "EX":"출발하다,서두르다,나아가다,돌아오다,사라지다"},
    "0213": {"ENG":"seem", "KOR":"~처럼 보이다", "EX":"들리다,떠나다,바라다,만나다,아끼다"}
}
